"first_name","last_name"
"Albert","Crouse"
"Alberto","Henning"
"Alexander","Fennell"
"Amber","Dixon"
"Bernard","Colby"
"Bernice","Willis"
"Bertha","Ferguson"
"Beverly","Brooks"
"Catherine","Campbell"
"Cheryl","Murphy"
"Chester","Benner"
"Christopher","Greco"
"Derek","Blakely"
"Derrick","Bourque"
"Elmer","Noe"
"Esther","Crawford"
"Everett","Banda"
"Fernando","Churchill"
"Frederick","Isbell"
"Gerald","Fultz"
"Geraldine","Perkins"
"Gertrude","Castillo"
"Gilbert","Sledge"
"Heather","Morris"
"Herbert","Kruger"
"Herman","Devore"
"Javier","Elrod"
"Jeffery","Pinson"
"Jennifer","Davis"
"Jeremy","Hurtado"
"Jerome","Kenyon"
"Jerry","Jordon"
"Katherine","Rivera"
"Kimberly","Lee"
"Leroy","Bustamante"
"Lester","Kraus"
"Perry","Swafford"
"Peter","Menard"
"Robert","Baughman"
"Roberta","Harper"
"Roberto","Vu"
"Roger","Quintanilla"
"Sergio","Stanfield"
"Sherri","Rhodes"
"Sherry","Marshall"
"Teresa","Rogers"
"Terrance","Roush"
"Terrence","Gunderson"
"Terri","Vasquez"
"Terry","Carlson"
"Terry","Grissom"
"Theresa","Watson"
"Tyler","Wren"
"Valerie","Black"
"Vera","Mccoy"
"Vernon","Chapa"
"Veronica","Stone"
"Walter","Perryman"
